query,node_id,latency_ms
point_lookup,193,3.06099999579601
point_lookup,22051,3.1669999880250543
point_lookup,288,4.345399996964261
point_lookup,2550,4.317999992053956
point_lookup,15745,5.285299994284287
point_lookup,18081,3.8952000031713396
point_lookup,11634,3.2469000143464655
point_lookup,11201,3.3549999934621155
point_lookup,18599,3.2720999734010547
point_lookup,13654,2.7821999974548817
point_lookup,17831,3.0162000039126724
point_lookup,4047,2.6560999976936728
point_lookup,1637,2.220499998657033
point_lookup,4930,2.608799986774102
point_lookup,17859,2.3446000122930855
point_lookup,3131,3.2227000046987087
point_lookup,18681,2.486000012140721
point_lookup,20367,2.3799000191502273
point_lookup,3951,2.4406999873463064
point_lookup,12454,2.4889000051189214
point_lookup,8534,2.871700009563938
point_lookup,4343,2.7040999848395586
point_lookup,139,2.267300005769357
point_lookup,7795,2.4244999804068357
point_lookup,5645,2.3916999925859272
point_lookup,1234,4.030199983390048
point_lookup,19253,2.9547000012826174
point_lookup,13564,2.5544000091031194
point_lookup,12375,2.3021000088192523
point_lookup,4120,2.5140000216197222
point_lookup,14861,2.529399993363768
point_lookup,9968,3.628200007369742
point_lookup,3865,2.6154000079259276
point_lookup,22166,2.589600015198812
point_lookup,19297,2.3981000122148544
point_lookup,10412,2.4566999927628785
point_lookup,8265,2.402399986749515
point_lookup,8302,2.5391999806743115
point_lookup,18367,2.4859999830368906
point_lookup,14324,2.7282999944873154
point_lookup,22416,2.5422000035177916
point_lookup,15617,2.317299979040399
point_lookup,16171,3.189699986251071
point_lookup,5161,2.766599995084107
point_lookup,20314,2.43870000122115
point_lookup,1030,2.7932999946642667
point_lookup,13584,2.4933999811764807
point_lookup,15660,2.396800002316013
point_lookup,17805,2.907199988840148
point_lookup,12170,2.639299986185506
point_lookup,11973,4.204199998639524
point_lookup,3740,2.7021999994758517
point_lookup,15073,2.738300012424588
point_lookup,1203,2.9150999907869846
point_lookup,7790,3.6220999900251627
point_lookup,19664,2.6704000192694366
point_lookup,17285,3.4887999936472625
point_lookup,1881,2.7937999984715134
point_lookup,8723,2.1467000187840313
point_lookup,2704,2.4722999951336533
point_lookup,461,2.3395000025629997
point_lookup,7777,2.1176000009290874
point_lookup,7513,3.5063000104855746
point_lookup,12739,2.5790999934542924
point_lookup,18244,2.221899980213493
point_lookup,18634,2.3472000029869378
point_lookup,18753,2.618300000904128
point_lookup,3202,2.2314000234473497
point_lookup,12606,2.319599996553734
point_lookup,10366,2.279999986058101
point_lookup,1099,3.1540000054519624
point_lookup,21578,2.5628000148572028
point_lookup,4685,2.660700003616512
point_lookup,1887,2.445900026941672
point_lookup,1322,2.4006000021472573
point_lookup,21690,2.232999977422878
point_lookup,14335,2.6867999986279756
point_lookup,15050,2.8714999789372087
point_lookup,20814,2.1764000121038407
point_lookup,16535,2.5836999993771315
point_lookup,9105,2.8341999859549105
point_lookup,7196,2.6277000142727047
point_lookup,267,3.0866000161040574
point_lookup,18247,2.555500017479062
point_lookup,9279,2.5471000117249787
point_lookup,1434,3.005000005941838
point_lookup,11308,2.474000008078292
point_lookup,146,2.2230000176932663
point_lookup,9523,2.735400019446388
point_lookup,5857,2.5068999966606498
point_lookup,17957,2.2666000004392117
point_lookup,10957,2.2455000143963844
point_lookup,11990,2.996099996380508
point_lookup,4534,2.5052999844774604
point_lookup,18142,3.421699977479875
point_lookup,20807,3.993100021034479
point_lookup,18822,2.4619000032544136
point_lookup,21964,2.9835000168532133
point_lookup,5082,2.7064000023528934
point_lookup,2730,2.4415999941993505
indexed_lookup,193,4.109900008188561
indexed_lookup,22051,1.8542999750934541
indexed_lookup,288,1.3491999998223037
indexed_lookup,2550,1.994000020204112
indexed_lookup,15745,1.742799999192357
indexed_lookup,18081,2.813300001434982
indexed_lookup,11634,4.009700001915917
indexed_lookup,11201,4.291499993996695
indexed_lookup,18599,2.63279999489896
indexed_lookup,13654,4.499300004681572
indexed_lookup,17831,1.8084000039380044
indexed_lookup,4047,1.991799974348396
indexed_lookup,1637,1.4399999927263707
indexed_lookup,4930,1.6499999910593033
indexed_lookup,17859,1.7664000042714179
indexed_lookup,3131,2.295299986144528
indexed_lookup,18681,1.1295000149402767
indexed_lookup,20367,1.5056999982334673
indexed_lookup,3951,1.9041000050492585
indexed_lookup,12454,1.7088000022340566
indexed_lookup,8534,1.26530000125058
indexed_lookup,4343,1.2526999926194549
indexed_lookup,139,0.8875999774318188
indexed_lookup,7795,2.3935000062920153
indexed_lookup,5645,1.3601999962702394
indexed_lookup,1234,0.978299998678267
indexed_lookup,19253,1.6709000046830624
indexed_lookup,13564,1.1153000232297927
indexed_lookup,12375,0.9921000164467841
indexed_lookup,4120,1.056799985235557
indexed_lookup,14861,1.493899995693937
indexed_lookup,9968,1.0857000015676022
indexed_lookup,3865,1.2239000061526895
indexed_lookup,22166,1.031799998600036
indexed_lookup,19297,1.1629000073298812
indexed_lookup,10412,0.9812999924179167
indexed_lookup,8265,0.9271000162698328
indexed_lookup,8302,1.052700012223795
indexed_lookup,18367,2.063299994915724
indexed_lookup,14324,1.5983999765012413
indexed_lookup,22416,1.20900000911206
indexed_lookup,15617,1.1248000082559884
indexed_lookup,16171,0.8385000110138208
indexed_lookup,5161,0.9135000000242144
indexed_lookup,20314,1.2820000119972974
indexed_lookup,1030,1.3427000085357577
indexed_lookup,13584,1.0188999876845628
indexed_lookup,15660,0.9346999868284911
indexed_lookup,17805,1.316199981374666
indexed_lookup,12170,1.2835999950766563
indexed_lookup,11973,1.3537000049836934
indexed_lookup,3740,1.4131999923847616
indexed_lookup,15073,1.4260000025387853
indexed_lookup,1203,1.521900005172938
indexed_lookup,7790,1.1823000095319003
indexed_lookup,19664,0.9459999855607748
indexed_lookup,17285,1.5269999857991934
indexed_lookup,1881,1.3072000001557171
indexed_lookup,8723,1.3003000058233738
indexed_lookup,2704,1.271400018595159
indexed_lookup,461,0.9049999935086817
indexed_lookup,7777,1.0363000037614256
indexed_lookup,7513,0.9132999985013157
indexed_lookup,12739,1.8687999981921166
indexed_lookup,18244,2.0329999970272183
indexed_lookup,18634,1.4189000066835433
indexed_lookup,18753,1.1071999906562269
indexed_lookup,3202,1.0076000180561095
indexed_lookup,12606,1.0433999996166676
indexed_lookup,10366,1.0190999892074615
indexed_lookup,1099,1.3547000125981867
indexed_lookup,21578,1.0596000065561384
indexed_lookup,4685,0.9793999779503793
indexed_lookup,1887,1.2932000099681318
indexed_lookup,1322,1.4355999883264303
indexed_lookup,21690,1.4936999941710383
indexed_lookup,14335,1.1255999852437526
indexed_lookup,15050,1.1371999862603843
indexed_lookup,20814,1.0852999985218048
indexed_lookup,16535,1.3922000071033835
indexed_lookup,9105,1.0157999931834638
indexed_lookup,7196,1.038500020513311
indexed_lookup,267,1.1440000089351088
indexed_lookup,18247,1.1696000001393259
indexed_lookup,9279,0.9651000145822763
indexed_lookup,1434,1.562400022521615
indexed_lookup,11308,1.340099988738075
indexed_lookup,146,1.7526000156067312
indexed_lookup,9523,2.940400008810684
indexed_lookup,5857,2.0323999924585223
indexed_lookup,17957,1.475000026402995
indexed_lookup,10957,1.1602999875321984
indexed_lookup,11990,0.9462000161875039
indexed_lookup,4534,1.513600000180304
indexed_lookup,18142,1.3003999774809927
indexed_lookup,20807,1.3397999864537269
indexed_lookup,18822,1.2575000000651926
indexed_lookup,21964,1.1725999938789755
indexed_lookup,5082,1.3665000151377171
indexed_lookup,2730,1.2817000097129494
one_hop,193,8.185099984984845
one_hop,22051,3.4549999982118607
one_hop,288,3.8222000002861023
one_hop,2550,3.7490000249817967
one_hop,15745,6.048199982615188
one_hop,18081,5.221800005529076
one_hop,11634,3.108199976850301
one_hop,11201,5.078499991213903
one_hop,18599,3.4860000014305115
one_hop,13654,4.21370001276955
one_hop,17831,4.002400004537776
one_hop,4047,3.853800008073449
one_hop,1637,2.7757000061683357
one_hop,4930,2.7008999895770103
one_hop,17859,2.9854000022169203
one_hop,3131,2.7286999975331128
one_hop,18681,2.678299992112443
one_hop,20367,2.6777000166475773
one_hop,3951,2.5593000173103064
one_hop,12454,3.0553000106010586
one_hop,8534,3.1272000051103532
one_hop,4343,2.901400002883747
one_hop,139,2.5320999848190695
one_hop,7795,3.0310000001918525
one_hop,5645,2.6036000053863972
one_hop,1234,2.6990000042133033
one_hop,19253,3.025600017281249
one_hop,13564,4.296099999919534
one_hop,12375,3.582400007871911
one_hop,4120,2.8814999968744814
one_hop,14861,2.6954999775625765
one_hop,9968,2.8812999953515828
one_hop,3865,3.0513999809045345
one_hop,22166,3.107700002146885
one_hop,19297,2.9522000113502145
one_hop,10412,2.6027999992948025
one_hop,8265,2.681000012671575
one_hop,8302,2.997000003233552
one_hop,18367,2.6962999836541712
one_hop,14324,3.090200014412403
one_hop,22416,3.87740001315251
one_hop,15617,2.715599985094741
one_hop,16171,3.1285999866668135
one_hop,5161,3.639900009147823
one_hop,20314,4.6135000011418015
one_hop,1030,2.586599992355332
one_hop,13584,2.4326000129804015
one_hop,15660,2.874600002542138
one_hop,17805,2.894200006267056
one_hop,12170,2.368400018895045
one_hop,11973,2.9977000085636973
one_hop,3740,2.405700011877343
one_hop,15073,2.327900001546368
one_hop,1203,2.3438000062014908
one_hop,7790,2.8435999993234873
one_hop,19664,3.383799979928881
one_hop,17285,2.2173000033944845
one_hop,1881,2.8119999915361404
one_hop,8723,2.2530999849550426
one_hop,2704,3.01799998851493
one_hop,461,2.6983999996446073
one_hop,7777,2.5560999929439276
one_hop,7513,2.3991000198293477
one_hop,12739,2.6643000019248575
one_hop,18244,2.3387999972328544
one_hop,18634,2.66979998559691
one_hop,18753,2.468499995302409
one_hop,3202,2.301100001204759
one_hop,12606,2.2418999869842082
one_hop,10366,2.057100005913526
one_hop,1099,2.5767999759409577
one_hop,21578,2.3932000040076673
one_hop,4685,2.3611000215169042
one_hop,1887,2.8680000104941428
one_hop,1322,3.1612000020686537
one_hop,21690,2.205199998570606
one_hop,14335,2.825999981723726
one_hop,15050,3.0872999923303723
one_hop,20814,2.5291000201832503
one_hop,16535,2.867500006686896
one_hop,9105,2.758599992375821
one_hop,7196,2.344899985473603
one_hop,267,2.3116999946068972
one_hop,18247,2.826200012350455
one_hop,9279,2.4738000065553933
one_hop,1434,2.3188000195659697
one_hop,11308,2.5133999879471958
one_hop,146,3.077000001212582
one_hop,9523,2.347600006032735
one_hop,5857,2.8519000043161213
one_hop,17957,2.4514000106137246
one_hop,10957,2.3483000113628805
one_hop,11990,2.2914000146556646
one_hop,4534,2.636300021549687
one_hop,18142,2.257100015413016
one_hop,20807,2.538600005209446
one_hop,18822,2.9300000169314444
one_hop,21964,2.6076000067405403
one_hop,5082,2.293800003826618
one_hop,2730,2.5890999822877347
two_hop,193,2.7209999971091747
two_hop,22051,2.9676999838557094
two_hop,288,4.337999998824671
two_hop,2550,4.126599989831448
two_hop,15745,5.556199990678579
two_hop,18081,2.897700003813952
two_hop,11634,4.871000011917204
two_hop,11201,2.69799999659881
two_hop,18599,3.0066000181250274
two_hop,13654,3.17510002059862
two_hop,17831,2.5059999898076057
two_hop,4047,3.5216000105720013
two_hop,1637,3.717100014910102
two_hop,4930,3.607399994507432
two_hop,17859,3.3993999822996557
two_hop,3131,3.784399974392727
two_hop,18681,3.5940000088885427
two_hop,20367,3.8087999855633825
two_hop,3951,5.058800015831366
two_hop,12454,3.855300019495189
two_hop,8534,3.2797999738249928
two_hop,4343,3.0789999873377383
two_hop,139,3.035200003068894
two_hop,7795,3.396999993128702
two_hop,5645,2.937000012025237
two_hop,1234,3.186200017808005
two_hop,19253,3.2448999991174787
two_hop,13564,3.8385000079870224
two_hop,12375,3.4622999955900013
two_hop,4120,3.4904999774880707
two_hop,14861,3.2414000015705824
two_hop,9968,4.216400004224852
two_hop,3865,3.14250000519678
two_hop,22166,3.9741000218782574
two_hop,19297,3.6924000014550984
two_hop,10412,3.6970000073779374
two_hop,8265,3.419999993639067
two_hop,8302,3.1377999985124916
two_hop,18367,3.72919999063015
two_hop,14324,3.144099988276139
two_hop,22416,3.9095000247471035
two_hop,15617,4.454499983694404
two_hop,16171,4.49069999740459
two_hop,5161,5.366099998354912
two_hop,20314,4.232999985106289
two_hop,1030,4.046599991852418
two_hop,13584,4.086100001586601
two_hop,15660,5.27449999935925
two_hop,17805,5.2158000180497766
two_hop,12170,3.266299987444654
two_hop,11973,3.2266000052914023
two_hop,3740,3.267399995820597
two_hop,15073,3.7158000050112605
two_hop,1203,3.7502000050153583
two_hop,7790,4.421999998157844
two_hop,19664,5.290500004775822
two_hop,17285,3.789500013226643
two_hop,1881,4.738999996334314
two_hop,8723,5.210200004512444
two_hop,2704,4.372600000351667
two_hop,461,4.501999996136874
two_hop,7777,4.121100006159395
two_hop,7513,4.62110000080429
two_hop,12739,3.4570000134408474
two_hop,18244,4.103699990082532
two_hop,18634,3.92920000012964
two_hop,18753,5.514999997103587
two_hop,3202,4.3200000072829425
two_hop,12606,5.437299987534061
two_hop,10366,6.73250001273118
two_hop,1099,4.446999984793365
two_hop,21578,3.7567999970633537
two_hop,4685,3.545100014889613
two_hop,1887,4.488200007472187
two_hop,1322,5.398299981607124
two_hop,21690,5.158400017535314
two_hop,14335,3.8351000112015754
two_hop,15050,4.254400002537295
two_hop,20814,4.550999990897253
two_hop,16535,3.8592999917455018
two_hop,9105,4.793499974766746
two_hop,7196,3.504599997540936
two_hop,267,2.8432000253815204
two_hop,18247,4.414199996972457
two_hop,9279,2.771200001006946
two_hop,1434,2.81510001514107
two_hop,11308,3.85509998886846
two_hop,146,3.4958999895025045
two_hop,9523,5.081800016341731
two_hop,5857,4.199599992716685
two_hop,17957,4.902699991362169
two_hop,10957,5.107400007545948
two_hop,11990,3.7233000039123
two_hop,4534,4.279399989172816
two_hop,18142,4.18699998408556
two_hop,20807,3.813799994532019
two_hop,18822,4.7633000067435205
two_hop,21964,3.7554000155068934
two_hop,5082,3.649799997219816
two_hop,2730,4.337300022598356
three_hop,193,6.2030999979469925
three_hop,22051,5.6517000193707645
three_hop,288,5.016900016926229
three_hop,2550,6.323899986455217
three_hop,15745,5.606799997622147
three_hop,18081,3.054800006793812
three_hop,11634,3.2712999964132905
three_hop,11201,2.5716999953147024
three_hop,18599,2.356500015594065
three_hop,13654,3.268900007242337
three_hop,17831,5.0623000133782625
three_hop,4047,2.673499984666705
three_hop,1637,2.7904000016860664
three_hop,4930,2.9211000073701143
three_hop,17859,2.761300012934953
three_hop,3131,2.851800003554672
three_hop,18681,3.1106999958865345
three_hop,20367,3.380699985427782
three_hop,3951,3.130299999611452
three_hop,12454,2.807299984851852
three_hop,8534,3.249699977459386
three_hop,4343,3.386800002772361
three_hop,139,3.826700005447492
three_hop,7795,3.90700000571087
three_hop,5645,4.126799991354346
three_hop,1234,3.7125999806448817
three_hop,19253,5.082899995613843
three_hop,13564,4.867799987550825
three_hop,12375,3.244099993025884
three_hop,4120,2.7159000164829195
three_hop,14861,3.0014000076334924
three_hop,9968,4.728300002170727
three_hop,3865,3.1608999997843057
three_hop,22166,3.911999985575676
three_hop,19297,3.0918000265955925
three_hop,10412,3.8557999941986054
three_hop,8265,3.53509999695234
three_hop,8302,4.315800004405901
three_hop,18367,2.8389999934006482
three_hop,14324,3.1149999995250255
three_hop,22416,3.142200002912432
three_hop,15617,3.114700026344508
three_hop,16171,3.4719999821390957
three_hop,5161,3.274599992437288
three_hop,20314,2.467800019076094
three_hop,1030,2.5151000008918345
three_hop,13584,3.7472999829333276
three_hop,15660,3.2016000186558813
three_hop,17805,3.4571000142022967
three_hop,12170,3.506299981381744
three_hop,11973,3.4598000056575984
three_hop,3740,3.994099999545142
three_hop,15073,3.7979999906383455
three_hop,1203,3.3318999921903014
three_hop,7790,3.9593999972566962
three_hop,19664,3.106299991486594
three_hop,17285,3.572599991457537
three_hop,1881,3.0279000056907535
three_hop,8723,2.4507000052835792
three_hop,2704,2.96469999011606
three_hop,461,3.399900015210733
three_hop,7777,3.150800010189414
three_hop,7513,5.063800024800003
three_hop,12739,3.537299984600395
three_hop,18244,7.711999991443008
three_hop,18634,3.9975999970920384
three_hop,18753,3.7348000041674823
three_hop,3202,4.664900014176965
three_hop,12606,3.725499991560355
three_hop,10366,4.588199983118102
three_hop,1099,4.012799996417016
three_hop,21578,3.614199988078326
three_hop,4685,3.8324000197462738
three_hop,1887,4.86849999288097
three_hop,1322,4.002000001491979
three_hop,21690,4.366600012872368
three_hop,14335,4.584500013152137
three_hop,15050,5.049400002462789
three_hop,20814,4.534200008492917
three_hop,16535,5.339899973478168
three_hop,9105,5.055899993749335
three_hop,7196,5.661999981384724
three_hop,267,8.699400001205504
three_hop,18247,5.437599989818409
three_hop,9279,4.883000015979633
three_hop,1434,5.181799991987646
three_hop,11308,5.108999990625307
three_hop,146,4.551899997750297
three_hop,9523,6.992000009631738
three_hop,5857,4.1077999921981245
three_hop,17957,4.572500009089708
three_hop,10957,5.85680000949651
three_hop,11990,6.765099999029189
three_hop,4534,5.991899990476668
three_hop,18142,3.503000014461577
three_hop,20807,3.9508000190835446
three_hop,18822,3.482500003883615
three_hop,21964,3.3650000113993883
three_hop,5082,3.880800009937957
three_hop,2730,4.623599990736693
aggregation,193,5.196999991312623
aggregation,22051,5.808799993246794
aggregation,288,5.712800018955022
aggregation,2550,6.894899997860193
aggregation,15745,6.328600022243336
aggregation,18081,7.625899976119399
aggregation,11634,8.396000019274652
aggregation,11201,5.296599993016571
aggregation,18599,6.269700010307133
aggregation,13654,5.564599996432662
aggregation,17831,6.437100004404783
aggregation,4047,6.2784999900031835
aggregation,1637,6.336999998893589
aggregation,4930,4.738499992527068
aggregation,17859,4.642699990654364
aggregation,3131,4.773299995576963
aggregation,18681,4.7722999879624695
aggregation,20367,6.241800001589581
aggregation,3951,5.773899989435449
aggregation,12454,5.974599975161254
aggregation,8534,5.957099987426773
aggregation,4343,5.905500001972541
aggregation,139,4.895399993984029
aggregation,7795,5.5191999999806285
aggregation,5645,5.28050001594238
aggregation,1234,5.0728000060189515
aggregation,19253,6.627499999012798
aggregation,13564,6.145600025774911
aggregation,12375,4.522300005191937
aggregation,4120,4.95450000744313
aggregation,14861,3.6779000074602664
aggregation,9968,4.35450000804849
aggregation,3865,3.8847000105306506
aggregation,22166,3.8392000133171678
aggregation,19297,3.416699997615069
aggregation,10412,3.708300006110221
aggregation,8265,3.4958999895025045
aggregation,8302,3.913499996997416
aggregation,18367,3.7942999915685505
aggregation,14324,3.545100014889613
aggregation,22416,3.8788999954704195
aggregation,15617,5.3063999803271145
aggregation,16171,5.121199996210635
aggregation,5161,4.758600000059232
aggregation,20314,3.948800003854558
aggregation,1030,4.688999993959442
aggregation,13584,3.9585000195074826
aggregation,15660,5.222200008574873
aggregation,17805,4.109600005904213
aggregation,12170,4.057699989061803
aggregation,11973,4.147100000409409
aggregation,3740,6.575900013558567
aggregation,15073,4.133000009460375
aggregation,1203,4.456499998923391
aggregation,7790,4.945799999404699
aggregation,19664,4.303199995774776
aggregation,17285,4.637200006982312
aggregation,1881,4.598500003339723
aggregation,8723,4.663799976697192
aggregation,2704,5.021399992983788
aggregation,461,6.310299999313429
aggregation,7777,5.55299999541603
aggregation,7513,5.100599984871224
aggregation,12739,6.434500013710931
aggregation,18244,10.205800004769117
aggregation,18634,9.674700006144121
aggregation,18753,8.030800003325567
aggregation,3202,6.129699992015958
aggregation,12606,8.020200009923428
aggregation,10366,8.304600021801889
aggregation,1099,8.034600003156811
aggregation,21578,7.200199994258583
aggregation,4685,7.975099986651912
aggregation,1887,7.874200004152954
aggregation,1322,8.59469998977147
aggregation,21690,8.644100016681477
aggregation,14335,7.2542999987490475
aggregation,15050,6.768899998860434
aggregation,20814,7.079400005750358
aggregation,16535,8.64810001803562
aggregation,9105,8.407799992710352
aggregation,7196,7.998299988685176
aggregation,267,5.891600012546405
aggregation,18247,5.429399985587224
aggregation,9279,4.0834000101312995
aggregation,1434,4.6208999992813915
aggregation,11308,4.0302999841514975
aggregation,146,4.20480000320822
aggregation,9523,3.773500007810071
aggregation,5857,3.5330000100657344
aggregation,17957,3.326100006233901
aggregation,10957,3.7690000026486814
aggregation,11990,3.922400006558746
aggregation,4534,3.9231000118888915
aggregation,18142,3.5647000186145306
aggregation,20807,4.109500005142763
aggregation,18822,4.103899991605431
aggregation,21964,4.414199996972457
aggregation,5082,3.5635000094771385
aggregation,2730,4.214999993564561
